Epoch,Train_Loss,Valid_Micro_Fmax,Valid_Macro_Fmax,Valid_Smin,Valid_Macro_AUROC
1,0.008763471320756796,0.1926605504102249,0.1492505445984572,66.35047305403751,0.6383461900608728
