Epoch,Train_Loss,Valid_Micro_Fmax,Valid_Macro_Fmax,Valid_Smin,Valid_Macro_AUROC
1,0.12042590854897467,0.2495106505066233,0.18174154299826,11.934728682446165,0.739700542348583
2,0.06326962564551912,0.3106858739556902,0.23896792397136993,11.223270425673062,0.7943167078507742
3,0.05191535583787387,0.4034052212899181,0.35614478920998943,10.107688070868248,0.8478550513665418
4,0.041752257219125184,0.4926470587753521,0.4315626443589114,8.801767132204583,0.8748852280803341
5,0.0333092666595652,0.5091732189171719,0.47505165361328233,8.49320269801782,0.8953592212815117
6,0.027629821376398984,0.5236161076449093,0.4804684391723163,8.30650126252514,0.8937469152932211
7,0.023369560006915802,0.5721655264727764,0.5152526706946537,7.671651541457159,0.8966662915945625
8,0.01996241200330526,0.567312125354133,0.5134336456695442,7.708524609912453,0.9002276843206336
