Epoch,Train_Loss,Valid_Micro_Fmax,Valid_Macro_Fmax,Valid_Smin,Valid_Macro_AUROC
1,0.014762135254827762,0.05075348105438364,0.0775746475471579,69.13116285854338,0.5086235505232606
2,0.012863185219835527,0.05312515836587907,0.08105704915197512,69.05132592467177,0.5208562086570582
3,0.012181693798687198,0.061029100987016444,0.08434217465645599,68.9969329348618,0.5307856267400094
4,0.011297386646787129,0.07045143634004393,0.09089348807505013,69.01528240831465,0.5433019195540862
