Epoch,Train_Loss,Valid_Micro_Fmax,Valid_Macro_Fmax,Valid_Smin,Valid_Macro_AUROC
1,0.005514261305705406,0.2181774251511316,0.16145297848299583,65.15265928191971,0.665078865037051
2,0.0014205110343415799,0.3185425852366122,0.28931245891428753,60.710489546088354,0.8055584133669897
3,0.0010825910013086432,0.35704301495751084,0.37873374369120544,57.362986513462964,0.8527549708056976
4,0.0008696767631308672,0.4436377622887252,0.4496948502661871,50.97795124794472,0.8801582174502344
5,0.0007024881499732796,0.5058412820101981,0.4924360434377459,45.108352388303814,0.8920641828722358
