Epoch,Train_Loss,Valid_Micro_Fmax,Valid_Macro_Fmax,Valid_Smin,Valid_Macro_AUROC
1,0.013313556786755993,0.056650026692787965,0.07953753615122541,68.96500659636476,0.5226185642466185
2,0.009490343869753903,0.10293676451264057,0.08886702084170336,68.51818755051852,0.5501227852428643
3,0.0046715988582878305,0.16806393615877438,0.0992226702743316,67.15263527955962,0.5827169475404874
4,0.002439447633417152,0.17106826627055022,0.11590591343146354,67.35324653156118,0.6218251993559087
5,0.0017305009970360577,0.2721877092407788,0.18796311638095164,62.92033181833034,0.7350107563554586
6,0.0013246097401617598,0.3925856987253708,0.34365325307244543,55.234793498953536,0.8088269040399347
7,0.0009847536424397914,0.46733127729354135,0.44872418209795945,50.07927035973426,0.860915376137426
8,0.0007570860501209496,0.5351718417422919,0.5095473768030686,44.461402182617896,0.8821324999829948
9,0.0006070206261252367,0.5867179667329216,0.5680452512374403,39.58741067993767,0.8900178440866339
